-- MySQL dump 10.13  Distrib 5.7.20, for Linux (x86_64)
--
-- Host: localhost    Database: book
-- ------------------------------------------------------
-- Server version	5.7.20-0ubuntu0.16.04.1

/*!40101 SET @OLD_CHARACTER_SET_CLIENT=@@CHARACTER_SET_CLIENT */;
/*!40101 SET @OLD_CHARACTER_SET_RESULTS=@@CHARACTER_SET_RESULTS */;
/*!40101 SET @OLD_COLLATION_CONNECTION=@@COLLATION_CONNECTION */;
/*!40101 SET NAMES utf8 */;
/*!40103 SET @OLD_TIME_ZONE=@@TIME_ZONE */;
/*!40103 SET TIME_ZONE='+00:00' */;
/*!40014 SET @OLD_UNIQUE_CHECKS=@@UNIQUE_CHECKS, UNIQUE_CHECKS=0 */;
/*!40014 SET @OLD_FOREIGN_KEY_CHECKS=@@FOREIGN_KEY_CHECKS, FOREIGN_KEY_CHECKS=0 */;
/*!40101 SET @OLD_SQL_MODE=@@SQL_MODE, SQL_MODE='NO_AUTO_VALUE_ON_ZERO' */;
/*!40111 SET @OLD_SQL_NOTES=@@SQL_NOTES, SQL_NOTES=0 */;

--
-- Table structure for table `authors`
--

DROP TABLE IF EXISTS `authors`;
/*!40101 SET @saved_cs_client     = @@character_set_client */;
/*!40101 SET character_set_client = utf8 */;
CREATE TABLE `authors` (
  `id` int(10) unsigned NOT NULL AUTO_INCREMENT,
  `author_name` varchar(128) COLLATE utf8mb4_unicode_ci NOT NULL,
  `slug` varchar(128) COLLATE utf8mb4_unicode_ci NOT NULL,
  `biography` text COLLATE utf8mb4_unicode_ci NOT NULL,
  `date_birth` date NOT NULL,
  `date_death` date DEFAULT NULL,
  `photo` varchar(64) COLLATE utf8mb4_unicode_ci DEFAULT NULL,
  PRIMARY KEY (`id`)
) ENGINE=InnoDB AUTO_INCREMENT=15 DEFAULT CHARSET=utf8mb4 COLLATE=utf8mb4_unicode_ci;
/*!40101 SET character_set_client = @saved_cs_client */;

--
-- Dumping data for table `authors`
--

LOCK TABLES `authors` WRITE;
/*!40000 ALTER TABLE `authors` DISABLE KEYS */;
INSERT INTO `authors` VALUES (1,'Джулиан Барнс','dzhulian-barns','Джулиан Барнс родился 19 января 1946 года в городе Лестер. Закончил Оксфордский университет, специализируясь в западноевропейских языках, после чего работал лексикографом оксфордского словаря. Первыми литературными опытами стали детективные рассказы, которые Барнс публиковал под псевдонимом Дэн Кавана. После ряда публикаций в литературных альманахах — напечатал свой первый роман «Метроленд», удостоенный премии Сомерсета Моэма. Роман рассказывает о судьбе поколения бунтарей и нигилистов 1960-х. Роман «История мира в 10 ½ главах» (1989) явился настоящим событием в литературе. Написанный в жанре антиутопии, роман ищет ответы на ряд философских вопросов о сущности человека, его прошлом, настоящем и будущем. Среди произведений Барнса есть новеллы о любви, например «До того, как она встретила меня», «Любовь и так далее». Роман «Попугай Флобера» представляет собой интересное исследование о роли автора в творческом процессе. Был женат на своём литературном агенте Пэт Кавана, с которой они жили в Северном Лондоне. В октябре 2008 Пэт скоропостижно умерла от рака. \n','1946-01-23',NULL,'/images/authors/Aleksandr_Genis.jpg'),(2,'Дэвид Линч','djevid-linch','Дэ́вид Кит Линч — известный американский кинорежиссёр и сценарист. Видный представитель американского независимого кинематографа. Дэвид родился 20 января 1946 года в небольшом американском городе Миссула, штат Монтана. В 1965 году Линч посещал Пенсильванскую академию искусств (Pennsylvania Academy of the Fine Arts) в Филадельфии, где он с интересом занимался живописью, скульптурой и фотографией. На курсах по экспериментальному искусству в 1966 году Линч увлёкся мультипликацией и реализовал свой первый короткометражный анимационный фильм «Шесть блюющих мужчин» как заключительную работу. В 2006 году издательство Penguin Group опубликовало автобиографическую книгу «Catching the Big Fish: Meditation, Consciousness, and Creativity». В феврале 2009 года книга Линча вышла на русском языке под названием «Поймать большую рыбу. Медитация, осознанность и творчество» в издательстве «Эксмо». ','1952-02-12',NULL,'/images/authors/Anri_Perryusho.jpg'),(3,'Сесилия Ахерн','sesilija-ahern','Сесилия Ахерн (англ. Cecelia Ahern, ирл. Cecelia Ní hEachthairn; род. 30 сентября 1981 года, Дублин, Ирландия) — автор любовных романов, продюсер и соавтор сериала «Кто такая Саманта?» (Samanta Who?), её отец — бывший премьер-министр Ирландии Берти Ахерн. Все детство она провела в пригороде столицы Ирландии на природе, в большом доме неподалеку от рыбацкой деревни. У нее есть сестра, которая замужем за певцом из группы Westlife, у них растут близнецы. Сесилия Ахерн вышла замуж 9 июня 2010 за соотечественника, актера Дэвида Кеогана. В декабре 2009 года у них родилась дочка Робин, а 23 июля 2012 года - сын Сонни. Перед тем как стать писательницей, Сесилия Ахерн закончила факультет журналистики. В возрасте 21 года написала свой первый роман «P.S. I Love You», который продавался более чем в 40 странах. В 2007 компания «Warner Bros» и «Wendy Finerman Productions» экранизировало это произведение. Книга заняла первые места в рейтингах бестселлеров США, Англии, Ирландии, Германии, причем в последней продержалась 52 недели. В ноябре 2004 года её вторая книга, «Where rainbows end», также достигла вершины рейтингов в Ирландии и Соединенном Королевстве. В списке лучших в Ирландии роман продержался 12 недель. Её третья книга, «If you could see me now», была опубликована в ноябре 2005 г. и также стала международным бестселлером. В 2006 году вышел четвёртый роман «There’s no place like here» и также стал № 1 в Ирландии и Соединенном Королевстве. Сесилия уже получила огромное количество различных наград. Среди них: «Лучший дебютант» (the British Book Awards, 2004/2005) за первый роман «P.S. I Love You»; «Ирландская литературная премия» (Irish Post Award, 2005) и в этом же году, согласно голосам немецких читателей, получила премию «Corine Award» за вторую книгу «Where rainbows end». В 2006 году она была внесена в список для награды IMPAC, а в 2007 году она получила награду «Fun Fearless Fiction Award» от журнала «Космополитен» за роман «If you could see me now». Сесилия также пишет небольшие рассказы, весь гонорар от которых идет на благотворительность. С тех пор Сесилия пишет по 1-2 романа в год, которые тут же становятся бестселлерами. Права на экранизации всех творений Ахерн уже приобретены, так что нам остается только ждать воплощения ее идей на экране','1981-04-30',NULL,'/images/authors/Chak_Palanik.jpg'),(4,'Чак Паланик','chak-palanik','ЧАК ПАЛАНИК (CHARLES MICHAEL «CHUCK» PALAHNIUK) — современный американский писатель и независимый журналист. Наиболее известен как автор книги «Бойцовский клуб», по который позже был снят фильм Дэвидом Финчером. Его творения, подобные по стилю произведениям таких писателей, как Брет Истон Эллис, Ирвин Уэлш и Дуглас Коупленд, сделали его одним из наиболее популярных романистов \"Поколения Икс\". Чак Паланик - сын Кэрол и Фреда Палаников, вырос в доме-фургоне в городе Бербанк, штат Вашингтон. Когда ему было 14, его родители развелись и часто оставляли Чака и его братьев и сестер на ранчо бабушки и дедушки в восточном Вашингтоне. В 1986 году Паланик окончил факультет журналистики Орегонского Университета, где он также проходил стажировку на радио. Вскоре после этого он переехал в Портленд. Чак Паланик какое-то время писал для местных газет, а позже начал работать механиком в компании Freightliner. В то же время Паланик также писал руководства по починке грузовиков и немного занимался журналистской практикой (дело, к которому он вернется уже после карьерного взлета). Помимо основной работы, он был волонтером в приютах для бездомных, а позже в хосписах, где занимался перевозкой смертельно больных людей на встречи групп поддержки. Позже он перестал этим заниматься из-за смерти одного пациента, с которым Паланик особенно сблизился. Уже в зрелые годы Чак стал членом бунтарского \"Общества Какофонии\". Он регулярный участник их мероприятий, включая ежегодное \"Santa Rampage\" (публичная Рождественская вечеринка, включающая много алкоголя, веселья и розыгрышей) в Портленде. Членство в \"Обществе Какофонии\" вдохновило Паланика на описание некоторых мероприятий, как настоящих, так и выдуманных, в его романах (в частности, Проекта Разгром в \"Бойцовском клубе\"). Паланик начал писать, когда ему было около 34-35 лет. Согласно его рассказам он начал писать после посещения \"мастерских\" писателей, куда он ходил, чтобы найти новых друзей. Курсы вел Том Спэнбауэр, который позже повлиял на минималистический стиль в творчестве Паланика. Первой его книгой была \"Бессонница: Если бы ты жил здесь, то был бы уже дома\", которую он никогда не публиковал, так как разочаровался в сюжете (хотя небольшая часть этого романа была использована в \"Бойцовском клубе\"). Когда Паланик решил опубликовать свой следующий роман \"Невидимки\", издатели забраковали этот роман потому, что он был \"слишком возмутительным\". Это подтолкнуло его к работе над его наиболее известным романом \"Бойцовский клуб\", который он написал в попытке \"возмутить\" издателей сильнее, чем те могли себе это представить. Паланик писал его в свободное от работы на Freightliner время. Первоначально часть романа была опубликована как рассказ в журнале Pursuit of Happiness (позднее этот фрагмент стал шестой главой романа). Позже Паланик расширил ее в полноценный роман, который, вопреки его ожиданиям, издатели захотели опубликовать. Конечный вариант романа получил положительные оценки и некоторые награды. Книга проложила себе дорогу в Голливуд, где интерес к ее экранизации возрастал. В итоге, фильм был снят в 1999 году режиссером Дэвидом Финчером. Сначала фильм был неким разочарованием и вызвал неоднозначную реакцию критиков, но позже стал культовым. В 1999 и 2004 годах были изданы еще две редакции романа (последняя из которых содержит введение от автора про успех адаптации фильма). Следующие романы Паланика, \"Невидимки\" и \"Уцелевший\" были опубликованы в 1999 году и сделали Чака по-настоящему культовой персоной. Несколько лет спустя Паланик создал \"Удушье\", свой первый роман, ставший бестселлером по версии \"Нью Йорк Таймс\". С этого времени его новые книги встречаются читателями и критиками с таким же успехом. Такой успех дал ему возможность отправляться в книжные туры для продвижения его книг, где он читал как новые, так и еще неизданные работы. 1999 год повлиял на последующие работы автора. В это время его отец, Фред Паланик, начал встречаться с женщиной по имени Донна Фонтэйн, которая посадила своего бывшего парня Шэклфорда в тюрьму за сексуальную эксплуатацию. Шэклфорд поклялся убить Фонтэйн, как только он выйдет из тюрьмы. После освобождения Шеклфорд преследовал Фонтейн и Паланика-старшего до дома Донны, куда они возвращались после свидания. Шеклфорд застрелил Фреда Паланика и Донну Фонтэйн, отнес их тела в дом Фонтэйн и поджег его. Весной 2001 года Дэйла Шеклфорда признали виновным в двойном убийстве и приговорили к смертной казни. После этих событий Чак Паланик начал работу над книгой «Колыбельная». Сам автор утверждает, что писал этот роман для того, чтобы помочь разобраться самому себе, заслужил ли Шеклфорд смертный приговор. В сентябре 2003 года, Чак Паланик давал интервью Карен Велби (для \"Entertainment Weekly\"). Во время интервью Паланик конфиденциально рассказал информацию, относящуюся к его личной жизни. В то время, когда многие считали, что Паланик женат, он жил с своим парнем. Некоторое время спустя Чак Паланик предположил, что Велби собиралась опубликовать эту информацию без его согласия. В ответ он выложил на своем официальном сайте разгневанную аудиозапись, в которой он не только подтверждал, что он гей, но также резко высказыался о Велби и членах ее семьи. Но страхи Паланика были развеяны, так как статья Велби не содержала ни какой информации про его личную жизнь, кроме того факта, что он не женат. Аудиозапись позже была удалена с сайта, что заставило некоторых фанатов решить, что Паланик стесняется своей гомосексуальности. По словам Денниса Видмайера, создателя официального сайта, запись была удалена не по причине утверждений, касающихся ориентации Чака Паланика, а из-за выражений насчет Карен Велби. Паланик позже разместил новую запись на своем сайте, в которой он просит своих поклонников не реагировать на эти события. Он также приносит извинения за свое поведение, заявляя, что сожалеет о том, что выложил первую запись. Во время тура по продвижению романа \"Дневник\" в 2003 году, Паланик прочитал аудитории рассказ \"Кишки\" о несчастных случаях, связанных с мастурбацией (позднее ставший частью романа \"Призраки\"). Позже было оглашено, что около сорока людей, слушавших этот рассказ, упали в обморок (возможно, что многие из этих падений в обморок были инсценированы фанатами Чака Паланика для создания юмористического эффекта). Журнал \"Плэйбой\" опубликовал \"Кишки\" в номере, который вышел в марте 2004 года. Паланик предложил им вместе с этим рассказом опубликовать еще один, но издатели нашли вторую работу слишком \"возмутительной\". На его туре по продвижению \"Фантастичнее вымысла\", летом 2004 года, он прочитал \"Кишки\" еще раз, после чего в обморочном состоянии оказалось 53 человека, а позже - около 60, во время продвижения издания романа \"Дневник\" в мягкой обложке. Последняя потеря сознания зафиксирована 28 мая 2007 года в городе Виктория (Британская Колумбия), Канада, где пять человек упали в обморок, один из которых ударился головой о дверь, пытаясь покинуть аудиторию. Паланика, похоже, эти припадки не особо волнуют, так как поклонники продолжают читать «Кишки» и прочие произведения автора. В послесловии последнего выпуска «Призраков» Паланик написал, что за все время чтения рассказа «Кишки» произошло 73 случая потери сознания. ','1962-02-21',NULL,'/images/authors/Dzhon_Faulz.jpg'),(5,'Джон Фаулз','dzhon-faulz','Джон Фаулз — английский писатель, романист и эссеист. Один из выдающихся представителей постмодернизма в литературе. Родился в семье преуспевающего торговца сигарами в 1926 г. Закончил престижную школу в Бедфорде, где во время учёбы проявил себя хорошим спортсменом и способным учеником. Вскоре поступил в Эдинбургский университет, однако в 1945 г., незадолго до окончания Второй мировой войны, оставил его ради военной службы. После двух лет в морской пехоте Фаулз отказался от военной карьеры и поступил в Оксфордский университет, специализируясь во французском и в немецком языках. В 1950-1963 гг. Фаулз преподавал в университете города Пуатье во Франции, затем в гимназии на греческом острове Спецес, послужившем прообразом места действия в романе «Волхв», и в лондонском Колледже Святого Годрика. В 1963 г. успех первой книги Фаулза позволил ему оставить преподавание и целиком посвятить себя литературной деятельности. В 1968 г. Фаулз поселился в небольшом городке Лайм-Реджис. Большую часть жизни он провёл в своём доме на берегу моря и снискал славу замкнутого человека. Интерес к истории, особенно отразившийся в романах «Любовница французского лейтенанта» и «Червь», был присущ Фаулзу не только за письменным столом, поскольку в 1979 г. писатель возглавил городской музей и занимал этот пост в течение десяти лет. Здоровье Фаулза основательно подорвал инсульт, поразивший его в 1988 г. Фаулз был дважды женат, его первая жена Элизабет умерла в 1990 г. Живя в уединении, писатель в последние годы редко появлялся на публике. Умер в 2005 г. Основные произведения Фаулза получили мировое признание, а снятые на их основе кинофильмы способствовали популярности и коммерческому успеху книг писателя.','1926-03-31','2013-11-05','/images/authors/Dzhulian_Barns.jpg'),(6,'Василий Гроссман','vasilij-grossman','Василий Гроссман родился в Бердичеве в интеллигентной еврейской семье. Его отец — Соломон Иосифович (Семён Осипович) Гроссман, инженер-химик по специальности — был выпускником Бернского университета и происходил из бессарабского купеческого рода. Мать — Екатерина (Малка) Савельевна Витис, преподаватель французского языка — получила образование во Франции и происходила из состоятельного одесского семейства. Родители Василия Гроссмана развелись, и он воспитывался матерью. Ещё в детстве уменьшительная форма его имени Йося превратилась в Вася, и стала впоследствии его литературным псевдонимом. В 1922 году окончил школу. В 1929 году окончил химический факультет Московского государственного университета. Три года работал на угольной шахте в Донбассе инженером-химиком. Работал химиком-ассистентом в Донецком областном институте патологии и гигиены труда и ассистентом кафедры общей химии в Сталинском медицинском институте. С 1933 года постоянно жил и работал в Москве. В 1934 году опубликовал повесть из жизни шахтёров и заводской интеллигенции «Глюкауф», встретившую поддержку Горького, и рассказ о Гражданской войне «В городе Бердичеве». Успех этих произведений укрепил Гроссмана в желании стать профессиональным писателем. В 1935, 1936, 1937 годах издавались сборники его рассказов, в 1937—1940 — две части эпической трилогии «Степан Кольчугин» — о революционном движении от 1905 года до Первой мировой войны. С первых дней Великой Отечественной войны и до Дня Победы Василий Гроссман был специальным корреспондентом газеты «Красная звезда». Работал на Белорусском и Украинском фронтах. В 1942 году написал повесть «Народ бессмертен», ставшую первым крупным произведением о войне. Участвовал в создании документального фильма о битве под Москвой. Во время битвы под Сталинградом находился на Сталинградском фронте. За участие в Сталинградской битве награждён орденом Красной Звезды. На мемориале Мамаева кургана выбиты слова из его очерка «Направление главного удара». Повести «Народ бессмертен», «Сталинградские очерки», другие военные очерки сложились в книгу 1945 года «В годы войны». Широкую известность получила книга «Треблинский ад», открывшая тему Холокоста, а в 1946 году — «Чёрная книга», составленная в соавторстве с Ильёй Эренбургом, но опубликованная лишь в 1980 году с купюрами в Израиле. Пьеса «Если верить пифагорейцам», написанная перед войной и опубликованная в 1946 г., была осуждена как «вредная». С 1946 по 1959 год работал над дилогией «За правое дело» и «Жизнь и судьба». Эпический роман «За правое дело» (1952), написанный в традициях Льва Толстого и повествующий о Сталинградской битве, после разгромной критики в партийной печати Гроссман вынужден был переработать. На Втором съезде Союза писателей СССР в 1954 году Александр Фадеев признал, что его критика романа как «идеологически вредного» была несправедливой. Рукопись продолжения романа «За правое дело» — романа Жизнь и судьба, носящего резко антисталинский характер, над которым писатель работал с 1950 года, после того, как Вадим Кожевников передал её КГБ, в 1961 была конфискована в результате обыска КГБ у писателя. Другая копии в середине 1970-х, уже после смерти писателя, попала на Запад. Роман был опубликован за рубежом в 1980, а в СССР — в 1988 году, в перестройку. Вместе с «Жизнью и судьбой» была конфискована рукопись повести «Всё течёт», над которой Гроссман работал с 1955 года. Писатель создал новый вариант повести, который завершил в 1963 году (публикация за рубежом — 1970, в СССР — 1989). Посмертно издан сборник рассказов и очерков «Добро вам!». Очерки и записные книжки военных лет вошли в сборник «Годы войны» (М.: Правда, 1989). ','1932-12-12','1999-09-14','/images/authors/Piter_Akrojd.jpg'),(7,'Тур Хейердал','tur-hejerdal','Тур Хейердал — норвежский археолог, путешественник и писатель, автор многих книг. Ранние годы Тур Хейердал родился в небольшом городке Ларвик на юге Норвегии в семье Тура и Алисон Люнг Хейердал. С детских лет Хейердал интересовался зоологией. В доме, где Тур проживал в те годы, он создал небольшой музей, в котором главным экспонатом была гадюка. Зоологии и географии Тур обучался в университете Осло (1933—1936). В то же время он самостоятельно изучал историю и культуру Полинезии, обращаясь к книгам и статьям крупнейшей тогда в мире частной библиотеки, которой обладал состоятельный виноторговец из Осло Бьярне Крепелин. Позже эта коллекция была приобретена у наследников Крепелина библиотекой университета Осло и передана в научно-исследовательский отдел музея Кон-Тики. После семи семестров обучения и консультаций у экспертов в Берлине профессора зоологии Кристина Бонневи и Яльмар Брок разработали и организовали проект, который предусматривал посещение некоторых удалённых островов Полинезии и изучение того, каким путём туда могли попасть животные, населяющие острова в наши дни. Прямо перед совместным отплытием на Маркизские острова Тур Хейердал сочетался своим первым браком с Лив Кушерон-Торп, с которой он познакомился незадолго до поступления в университет (она изучала там экономику). Фату-Хива В 1936 году молодая пара покинула Осло и провела около года в южных морях. О событиях, происходивших с Туром Хейердалом во время стоянки на Маркизских островах, большей частью на острове Фату-Хива, рассказывает его первая книга «В поисках рая» (1938). Она была опубликована в Норвегии, но из-за разразившейся Второй мировой войны оказалась почти забытой. Вероятно, первым переводом этой книги на иностранный язык было русское издание: в 1964 году в издательстве «Мысль» была опубликована книга «В поисках рая». Несколько позже, уже прославившись своими другими путешествиями и работами в иных областях, Хейердал опубликовал новый вариант книги под названием «Фату-Хива» Вторая мировая война С целью найти следы морских путешественников, приплывших из Юго-Восточной Азии в начале каменного века, но так и не достигших Полинезии ранее начала второго тысячелетия нашей эры, Тур Хейердал отправился в Канаду, где стал знакомиться с жизнью местных индейцев. Там его застала Вторая мировая война. Как истинный патриот, он желал сражаться с врагом и, в конце концов перебравшись в США, завербовался в армию. После окончания диверсионной радиошколы в Англии Хейердала и его товарищей из так называемой «I Group» подготовили к заброске в оккупированную немецкой армией Норвегию. В звании лейтенанта он отправился на американском лайнере в составе конвоя в Мурманск. В конце похода конвой подвергся атаке немецких подводных лодок, которая была отбита с помощью советских кораблей. По прибытии в Киркенес группа Хейердала должна была поддерживать радиосвязь штаба норвежского отряда с Лондоном. Здесь его и застало окончание войны. ','1914-10-06','2002-03-18','/images/authors/Sesiliya_Ahern.jpg'),(8,'Андре Моруа','andre-morua','Андре Моруа (фр. André Maurois, настоящее имя Эмиль Саломон Вильгельм Эрзог, Émile-Salomon-Wilhelm Herzog, 1885—1967), французский писатель и член Французской академии. Впоследствии псевдоним стал его официальным именем. Родился 26 июля 1885 в Эльбефе (Нормандия). Образование получил в Руане и в Канском университете. Во время Первой мировой войны был офицером связи при командовании английских сил во Франции. Военные впечатления, окрашенные иронией и добрым юмором по отношению к сослуживцам-англичанам, составили содержание его романа Молчание полковника Брамбла (Les Silences du Colonel Bramble, 1918). Психологические романы «Превратности любви» (1928), «Семейный круг» (1932). Мастер жанра романизированной биографии (книги о Шелли, Байроне, Бальзаке, Тургеневе, Жорж Санд, Дюма-отце и Дюма-сыне , Гюго) и короткого иронично-психологического рассказа. Книга «Мемуары» (опубликована в 1970 году). Воплотившие всю прелесть тонкого, ироничного таланта Моруа «Письма незнакомке» («Lettres à l\'inconnue», 1956). Происходил из состоятельной семьи обратившихся в католицизм евреев из Эльзаса, выбравших после 1871 года французское подданство и переселившихся в Нормандию. В 1897 году Эмиль Эрзог поступил в Руанский лицей. В шестнадцать лет ему присуждают степень лиценциата. По совету одного из своих учителей, Эмиля Шартье, после окончания курса вместо продолжения учёбы в Эколь Нормаль поступил служащим на суконную фабрику отца. Во время Первой мировой войны служил военным переводчиком и офицером связи. В 1918 году Моруа публикует роман «Молчаливый полковник Брамбл» (фр. Les Silences du colonel Bramble), с которым добивается успеха как во Франции, так и в Великобритании и США. В 1921 году выходит роман «Речи доктора О’Грэди» (фр. Discours du docteur O’Grady). После войны работал сотрудником редакции журнала «Круа-де-фё». 23 июня 1938 года был избран во французскую академию. Участник французского Сопротивления. Во время Второй мировой войны Моруа служит капитаном во французской армии. После занятия Франции немецкими войсками он уезжает в США. Работает преподавателем в Университете Канзаса. В это время он пишет следующие биографии: Фредерика Шопена (1942), генерала Эйзенхауэра (1945), Франклина (1945) и Вашингтона (1946). В 1943 году Моруа уезжает в Северную Африку, а в 1946-м возвращается во Францию. Андре Моруа умер 9 октября 1967 года в Париже.','1885-07-21','1967-10-27','/images/authors/Uolter_Ajzekson.jpg'),(9,'Стивен Кинг','stiven-king','СТИВЕН КИНГ — американский писатель, работающий в жанрах ужасов, триллера, фантастики и мистики. Детство и юность Всемирно известный автор романов жанра хоррор Стивен Эдвин Кинг появился на свет 21 сентября 1947 года в Общественном Госпитале Мэна города Портленд, штат Мэн. Малыш Стиви был вторым сыном Дональда и Нелли Рут Пилсберри Кинг (собственно говоря, настоящая фамилия отца Кинга была Спэнски (Spansky), но он сменил ее на более благозвучную - Кинг). Появление Стивена было неожиданным сюрпризом, поскольку Рут утверждала, что она не может иметь детей (двухлетний Дэвид был приемным сыном четы Кингов) и еще более накалило не очень благоприятную обстановку в семье. Через два года после столь знаменательного события, отец Стивена, отставной капитан торгового флота, вышел из дома за сигаретами и… так и не вернулся. Оставшись наедине с кучей неоплаченных счетов, а также с двухлетным Стивеном и четырехлетним Дэвидом, Рут Кинг не опустила руки. Будучи по натуре жизнерадостной и активной женщиной она по сути дела являлась ярким воплощением феминистического движения, пусть и не по своей воле. Ей пришлось самостоятельно содержать двух подрастающих сыновей, работая то в прачечной, то в булочной. Конечно же, ее поддерживали многочисленные родственники - семья Кингов часто гостила то у одной, то у другой сестры Рут. Часть детства Стивена прошла в городках Форт Уэйн, штат Индиана (там жили родители отца Кинга) и Стратфорд, штат Коннектикут (там жила его тетя Лоис). Стивен и его семья также часто бывали в Молдене, штат Массачусетс и в Паунале, штат Мэн, где проживали сестры Рут. Когда Стивену было одиннадцать, семья Кингов вернулась обратно в Мэн, в городок Дерхем. Причиной переезда в Дерхем стало плохое состояние бабушки и дедушки Кинга со стороны матери - за ними необходимо было присматривать. Для этой цели было решено пригласить Рут. Приехав в Дерхем, Рут, Стивен и Дэвид поселились в доме, принадлежавшем тете Стивена Этелин и ее мужу Орену. Родственники обеспечивали Рут финансовой поддержкой, которой, впрочем, хватало практически только на еду (к примеру, одежда для Стивена и Дэвида присылалась также родственниками). После смерти родителей, Рут Кинг так и осталась в Дерхеме, подрабатывая домоправительницей в заведении для умственно отсталых в Нью-Глочестере. В том же доме она прожила до самой своей смерти от рака матки. Позже Кинг неоднократно использовал воспоминания об этом периоде в своих книгах. В повести \"Труп\" он рассказывает о своем друге Крисе Чесли. В рассказе \"Бабуля\" он фактически помещает свою семью в эпицентр развития мистических событий. По роману \"Оно\", повествующем о детях-неудачниках, рассеяны кусочки детства самого Кинга. В рассказе \"Конец всей этой мерзости\" использован образ его старшего брата Дэвида Виктора Кинга - неистощимого генератора сногсшибательных идей и проказ. Начало пути Кинг начал писать с семи лет, после того как на чердаке в доме своей тетки он обнаружил ящик набитый фантастикой и ужастиками. В январе 1959-го Стивен со своим братом Дэвидом решают издать свою газету, названную \"Горчичник Дейва\". Газета в основном освещала местные дерхемские события, также там публиковались спортивные новости, прогнозы погоды, рецепты, юмор и повесть \"с продолжением\", которую написал Стивен. На заре своего существования \"Горчичник\" создавался на мимеографе, затем на старом ротапринте. Распространялась газета в основном по родственникам и соседям по цене пять центов за выпуск. В 1963-м вместе со своим лучшим школьным другом Крисом Чесли, Стивен публикует сборник из восемнадцати коротких рассказов, названный \"Люди, места и твари - том I\". Год спустя, на старом ротапринте издается рассказ \"Вторжение со звезд\", разошедшийся по друзьям и занкомым несколькими десятками экземпляров. Свой первый по-настоящему опубликованный рассказ \"Я был подростком, грабившим могилы\", Кинг написал в 1965-м. Рассказ был опубликован в Comics Review и содержал около шести тысяч слов. К окончанию школы Ствен также приобрел небольшой опыт работы журналистом - начиная от любительского \"Горчичника Дейва\" и школьной газеты \"Барабан\" до должности спортивного репортера Лисбонской газеты \"Уикли энтерпрайз\". Поэтому с выбором жизненного пути проблем не было - писательское ремесло призывало и манило! Учась в выпускном классе, Стивен колеблется - пойти ему добровольцем во Вьетнам, где Америка уже два года вела войну (для того, чтобы набрать материала для будущей книги), или поступать в университет. Мать Кинга настояла на получении сыном высшего образования. \"Стивен, не будь идиотом\" - говорила она. - \"С твоими глазами тебя первого подстрелят. Мертвым ты ничего не напишешь\". В результате, Стивен подает заявления в университеты, пишет заявление о ссуде на обучение, а также подрабатывает на ткацкой фабрике для того чтобы подзаработать денег на обучение. ','1947-09-21',NULL,'/images/authors/Vasil_Bykov.jpg'),(10,'Эрих Мария Ремарк','jerih-marija-remark','Эрих Мария Ремарк (урождённый Эрих Пауль Ремарк) — один из наиболее известных и читаемых немецких писателей двадцатого века. Родился 22 июня 1898 в Оснабрюке. Он был вторым из пяти детей книжного переплётчика Петера Франца Ремарка (1867-1954) и Анны Марии Ремарк, в девичестве Шталькнехт (1871-1917). В юности Ремарк увлекался творчеством Стефана Цвейга, Томаса Манна, Фёдора Достоевского, Марселя Пруста и Иоганна Гёте. В 1904 он поступил в церковную школу, а в 1915 — в католическую учительскую семинарию. В 1916 был призван в армию, 17 июня направлен на Западный фронт. 31 июля 1917 был ранен в левую ногу, правую руку и шею и провёл остаток войны в военном госпитале в Германии. После смерти матери в 1918 сменил своё второе имя в её честь. В 1919 работает учителем, а в конце 1920 сменяет множество профессий, в том числе работает продавцом надгробных памятников и воскресным органистом в часовне при госпитале для душевнобольных. В 1921 начинает работать редактором в журнале Echo Continental, в это же время, как свидетельствует одно из его писем, берёт псевдоним Erich Maria Remarque. В октябре 1925 женился на Ильзе Ютте Замбона, бывшей танцовщице. Ютта в течение многих лет страдала от чахотки. Она стала прообразом для нескольких героинь произведений Ремарка, в том числе и Пат из «Трёх товарищей». Брак продлился чуть более 4 лет, после чего они развелись. Впрочем, в 1938 Ремарк снова заключил с Юттой брак — чтобы помочь ей выбраться из Германии и получить возможность жить в Швейцарии, где в то время жил он сам, а позже они вместе уехали в США. Официально развод был оформлен лишь в 1957. Писатель до конца жизни выплачивал Ютте денежное пособие, а также завещал ей 50 тысяч долларов. С ноября 1927 по февраль 1928 публикуется его роман «Станция на горизонте» в журнале Sport im Bild, в котором он в то время работал. В 1929 опубликовал наиболее известное своё произведение, «На западном фронте без перемен», описывающее жестокость войны с точки зрения 20-летнего солдата. Затем последовали ещё несколько антивоенных сочинений; простым, эмоциональным языком в них реалистично описывалась война и послевоенный период. За этот роман его в 1931 номинировали на Нобелевскую премию, но при рассмотрении Нобелевский комитет это предложение отклонил. Прибыль от фильма и книги позволила заработать Ремарку приличное состояние, заметную часть которого он потратил на покупку картин Сезанна, Ван Гога, Гогена и Ренуара. ','1898-07-22','1970-09-25','/images/authors/Vladimir_Pozner.jpg'),(11,'Джоан Роулинг','dzhoan-rouling','Джоан Роулинг — английская писательница, пишущая под псевдонимом Джоан Кэтлин Роулинг (Joanne Katheline Rowling), автор серии (1997—2007) романов о Гарри Поттере, переведённых более чем на 60 языков, в том числе и на русский. Появилась на свет 31 июля 1965 в небольшом городке Йэйт, Глостершир, Англия (хотя в начале творческого пути они называла другой город - Чиппинг Сотбери, в котором никогда не жила.) Причиной таких расхождений в биографии по словам писательницы стало то, что Йэйт всегда казался ей угрюмым местом, и ее издатели и рекламщики поддержали ее в этом. Её сестра, Ди, родилась двумя годами позже. Ролинг любила рассказывать истории с раннего детства и написала свою первую сказку, когда ей было 5 или 6 лет — это была сказка о кролике по имени Кролик, который болел корью и к нему приходили в гости друзья с гигантской пчелой по имени Мисс Пчела. В детстве она дважды переезжала. Оба раза в города рядом с Бристолем: сначала в Эйт, потом в Винтербурн. Семья переехала снова, когда ей было девять лет — в Татшилл. Она посещала начальную школу в Татшилле и среднюю школу и Виедине. В то время она была тихой, веснушчатой, близорукой и ужасно неспортивной. Её любимые предметы – английский и другие языки. Она обычно рассказывала истории своим друзьям – где все они совершали смелые и героические подвиги, на которые не решились бы в реальной жизни. Она поступила в университет в Экзетере сразу после школы и изучала французский, по настоянию своих родителей, которые говорили, что она может сделать карьеру как секретарь с двумя языками. На обучение в университете и работу «наихудшим секретарем в мире» она потратила несколько лет. В 1991 году, в возрасте 26 лет, она отправилась в Португалию, преподавать английский. Говорит, ей это нравилось. Давала уроки после обеда и вечером, а утром сочиняла. В это время она начала работать над своим третьим романом (первые два брошены как «очень плохие»). Новая книга была о мальчике, который обнаружил, что он волшебник и попал в волшебную школу. В Португалии она встретила португальского журналиста и вышла за него замуж. Их дочь, Джессика, родились в 1993 году. После развода Ролинг с дочерью переехали в Эдинбург, в Шотландию, поближе к младшей сестре Ди. Ролинг поставила себе цель — завершить роман о Гарри до того, как начать работать учителем французского языка, и, конечно, попытаться его опубликовать. Она писала на столике в кафе пока Джессика спала. Шотландский Совет Искусства дал ей грант для завершения книги и, после ряда отказов, она в конечном счете продала книгу «Гарри Поттер и Философский Камень» издательству «Блумсбери» (Великобритания) за 4000$ США. Несколько месяцев спустя издательство «Артур А Левин/Учебная Литература» покупает американские права на книгу за достаточную сумму, чтобы она смогла бросить учить. Книга была опубликована в Великобритании в июне 1997 года (на момент написания первой редакции этой книги продано на 12,000 фунтов стерлингов/20,000$ США). В этот момент пришло признание. Гарри Поттер завоевывает британскую награду как Книга Года, и «Smarties Prize». Переименованная в «Гарри Поттер и Камень Волшебника», книга была опубликована в США в сентябре 1998. Следующая, «Гарри Поттер и Тайная Комната» публикуется в Великобритании в июле 1998, а в США в июне 1999. Третья книга «Гарри Поттер и Узник Азкабана» была опубликована в Великобритании в июле 1999, а в США в сентябре 1999. В 1999 Ролинг становится международной литературной сенсацией, когда первые три книги серии «Гарри Поттер» заняли 3 верхних позиции в списке бестселлеров Нью-Йорк Таймс – достигнув аналогичного успеха в Великобритании. Летом 2000, было продано свыше 35 миллионов экземпляров первых трех книг, на 35 языках на сумму приблизительно $480 миллионов. В июле 2000 первый тираж «Гарри Поттера и Кубка Огня» составил 5.3 миллионов экземпляров с авансовыми заказами свыше 1.8 миллионов. «Орден Феникса», «Принц-Полукровка» и «Дары Смерти» также становились лидерами и по тиражам, и по сборам. Суммарный тираж всех семи книг о приключениях Гарри Поттера составил 400 миллионов экземпляров. В 2000 году компания Warner Brothers выпустила фильм по первой книге о Гарри Поттере, в 2011 году состоялась премьера восьмой, заключительной картины — прихотью киношников заключительный роман был разделен на две части. Все восемь картин занимали лидирующие строчки по сборам во всем мире. Ролинг говорит, что она писала Гарри Поттера, когда ей было очень плохо, и надо было чего-то достичь. «Не бросив вызов, я бы сошла с ума». Cейчас повесть о Гарри Поттере и его борьбе с Темным лордом — одна из популярнейших детских книг и уже носит гордое звание «детской книги тысячелетия», хотя, конечно, трудно считать ее целиком детской. ','1965-06-30',NULL,'/images/authors/Yurij_Bondarev.jpg'),(12,'Фредерик Бегбедер','frederik-begbeder','Эстет и сноб, профессиональный рекламщик и горячий сторонник коммунистов, Фредерик Бегбедер - одна из самых заметных фигур в литературном мире современной Франции. Фредерик Бегбедер родился 21 сентября 1965 года в городе Нёйи-сюр-Сен под Парижем. Мать Бегбедера Кристин де Шатенье — переводчик дамских романов на французский язык (в частности, произведений Барбары Картланд), а отец, Жан-Мишель Бегбедер, — профессиональный рекрутер. Брат Шарль Бегбедер — основатель брокерской конторы Selftrade и первой во Франции частной электросети Poweo. Настолько нестандартная семья не могла не отразиться на образе жизни самого Фредерика. Он любит провокации, самокритику. Бегбедер получил диплом Парижского института политических исследований, а затем диплом DESS в области рекламы и маркетинга в CELSA (Высшая школа информации и коммуникации). В итоге, он стал копирайтером в крупном рекламном агентстве Young and Rubicam. Одновременно сотрудничал в качестве литературного критика в журналах Elle, Paris Match, Voici ou encore VSD. Также он состоял в команде литературных критиков в радиопередаче Жерома Гарсена «Маска и перо» на станции France Inter. Он был уволен из Young and Rubicam через некоторое время после выхода в свет романа «99 франков» (впоследствии переименованного в «14,99 евро»), представляющего собой сатиру и обличение рекламного бизнеса. Между тем, он стал вести свою собственную телепередачу о литературе «Книги и я» на канале Paris Première. За этим последовала попытка вести передачу l’Hypershow на Canal+, правда, руководители канала вскоре закрыли передачу. Был бесплатным консультантом Робера Ю на президентских выборах 2002 г., хотя в ФКП не состоит В январе 2003 издательская группа Flammarion предложила Бегбедеру место редактора. Первой книгой, выбранной Бегбедером, оказался роман Лолы Лафон «Непреодолимое возбуждение». Это было время его участия в антиглобалистском движении и анархистской группе Black Blocs. Бегбедер предпочитает сумасбродные сюжеты, с героями, похожими на него самого. Кроме того, он выступил основателем литературной премии, которой удостоились, в частности, книги Мишеля Уэльбека и Виржини Депант, и даже отметился в кинематографе — снялся в порнографическом фильме «Дочь лодочника» (с участием звезды жанра Эстель Дезанж). Заслуженную славу одного из самых интересных современных французских писателей Фредерику принесли романы «Воспоминания необразумившегося молодого человека» (1990), «Каникулы в коме» (1995), «Любовь живет три года» (1997), «Рассказики под экстази» (1999), «Романтический эгоист», «99 франков», ставший лидером книжных продаж 2000 года во Франции. ','1965-09-12',NULL,'/images/authors/Frederik_Begbeder.jpg'),(13,'Анна Гавальда','fnna-gavalda','А́нна Гавальдá родилась 9 декабря 1970 года во французском городе Булонь-Беланкур. Любопытно, что еще у ее прабабушки, уроженки Санкт-Петербурга, фамилия звучала как «Фульда», но изменилась под влиянием произношения французских чиновников. С самого детства Анна была страшной выдумщицей, что не мешало ей хорошо учиться в школе. Более всего она обожала писать сочинения, и почти все ее работы учительница зачитывала классу, как пример. Анне исполнилось четырнадцать лет, когда ее родители развелись, и девочке пришлось жить и учиться в пансионе. Образование Анна Гавальда продолжила в Сорбонне и в студенческие годы немало поработала – официанткой, кассиршей и журналисткой. Работать ей приходилось для того, чтобы каждый день у нее был завтрак и, желательно, ужин, и девушка вовсе не думала тогда, что полученный опыт и впечатления пригодятся ей позже для написания ставших знаменитыми книг. Принимала она участие и в конкурсах. В 1992 году Анна заняла первое место во французском конкурсе «Лучшее любовное письмо». Этот конкурс проводился известной национальной радиостанцией, и Анна Гавальда со своим коротким, в каких-то десять строчек, письмом и не представляла себе, что станет первой среди тысяч претенденток. Письмо было написано от лица молодого мужчины, что очень удивило жюри – настолько глубоко девушка поняла и высветила психологию противоположного пола. Выпускные экзамены в Сорбонне Анна сдать не смогла, а потому вместо работы журналиста занялась другим делом – преподаванием французского языка первоклассникам в одном из колледжей. В середине девяностых Анна Гавальда вышла замуж, однако вспоминать это она не любит – через несколько лет муж бросил ее, оставив на память о себе двоих детей – сына Луи (1996 год рождения) и дочку Фелисите (1999 год рождения). С другой стороны, возможно, именно переживания по поводу разрушенной семьи подвигли Анну к серьезному литературному творчеству. В свободное время она выдумывала различные истории, а затем начала записывать их. Именно так и получилась ее первая книга, состоящая из новелл. Правда, еще не причисляя себя к числу писателей, Анна Гавальда стала весьма заметным французским автором, тем более что в 1998 году она победила сразу в трех литературных конкурсах и получила весьма престижную литературную премию Франции «Кровь в чернильнице» – за свою новеллу «Aristote». Сборник новелл Анны Гавальды «Мне бы хотелось, чтобы меня кто-нибудь где-нибудь ждал» был издан в 1999 году и книгу исключительно тепло встретили критики, а уже в следующем, 2000, она получила Гран-при RTL. Что же до широкой публики, то в самые первые недели продаж Франция была покорена талантом молодой писательницы. Этот успех удивителен и тем, что жанр рассказа перестал быть модным, и Анна Гавальда буквально возродила интерес к современным новеллам. За последующие четыре года книгу перевели на тридцать языков, что вполне адекватно отражает отношение к ярко вспыхнувшей новой звезде французской словесности. Первый роман Анны Гавальды увидел свет в 2002 году. Книга с названием «Я его любила» была сметена с полок магазинов, но это оказалось лишь началом настоящего успеха. Два года спустя Анна Гавальда издала роман «Просто вместе», и его популярность во Франции затмила знаменитый «Код да Винчи», а по словам читателей, роман не имел себе равных среди литературных работ последних лет. Эта книга Гавальды получила множество литературных премий и подняла интерес к предыдущему творчеству писательницы. Все три ее книги были переизданы невиданными тиражами, значительно превышавшими миллион экземпляров, а последняя продана в количестве двух миллионов штук. Приятен оказался и финансовый результат – Анна Гавальда заработала своими книгами тридцать два миллиона евро. Естественно, что творчеством писательницы заинтересовались и в кинематографе. Весной 2007 года на большой экран во Франции режиссер Клод Берри выпустил фильм «Просто вместе». В этой киноленте снялись такие «киты» кинематографа, как Гийом Канне и Одри Тоту. Кинокритики с большим воодушевлением отозвались о фильме, а мнение зрителей можно оценить по тому факту, что всего за один месяц проката «Просто вместе» посмотрели более двух миллионов человек. Шестой Международный Форум литературы и кино, прошедший в Монако, оценил и режиссерский труд в этом фильме – Клод Берри был удостоен премии за лучшую и точную адаптацию романа в кино. Еще через два года, в 2009, по роману Анны Гавальды «Я ее любил. Я его любила» режиссер Изабель Брайтман создала киноверсию, где в главной роли снялся Даниэль Отей. Творчество Анны Гавальды вообще стало востребованным в кинематографе Франции. В 2010 году на телевизионных экранах появилась картина «35 кило надежды» по книге писательницы, написанной в 2002 году для подростков. Анне Гавальде удалось в этой книге не просто проникнуть в сложный детский мир, но и найти точки, фактически определяющие дальнейшую судьбу детей. Следующие романы Анны – «Утешительная партия игры в петанк» и «Глоток свободы» стали не менее известными в мире. Писательницу знают и в России – ее романы переведены на русский язык. Несколько раз Анна Гавальда посещала нашу страну и даже говорит в интервью, что в старости хотела бы работать в Эрмитаже. Она утверждает, что не любит свою популярность, потому что слава очень вредит творчеству – ведь наблюдать за людьми, будучи известной, очень трудно. Анна даже не помещает в книгах свои фотографии и редко появляется на телевидении, а потому ее не слишком часто узнают на улицах. Анна Гавальда в настоящее время живет в Мелене, занимается воспитанием детей и пишет рассказы и статьи в журнал «Elle». Дети пока не собираются идти по стопам своей матери – Луи увлечен ботаникой, а Фелисите мечтает о карьере Коко Шанель. Из-за ироничных, изящных и очень реалистичных книг эту француженку называют «новой Франсуазой Саган», а книги ее – истинное удовольствие для настоящих ценителей французского шарма и хорошей литературы.','1970-12-12',NULL,'/images/authors/Anna_Gavalda.jpg'),(14,'Элизабет Гилберт','jelizabet-gilbert','Элизабет М. Гилберт – американская писательница. Стала известной по всему миру в 2006 году после написания автобиографической книги «Есть, молиться, любить». Книга продержалась в списке бестселлеров по версии Нью-Йорк Таймс (New York Times Best Seller list) 158 недель. В 2010 году вышел одноименный фильм с Джулией Робертс в главной роли. 18 июля 1969 года родилась в Уотербери, штат Коннектикут. Отец работает инженером-химиком, мать - медсестрой. Её сестра, Кэтрин Гилберт Мердок, тоже пишет книги. Детство писательницы прошло на ферме в Литчфелде, где её семья выращивала рождественские елки на продажу. В 1991 году закончила Нью-Йоркский университет. После окончания, в течение нескольких лет путешествовала по стране – успела поработать поваром, официанткой и продацом – чтобы потом написать об этом. Ее опыт работы поваром на туристическом ранчо нашел отражение в сборнике рассказов «Пилигримы» и в книге «Последний мужчина в Америке». В 1993 году Esquire печатает рассказ «Пилигримы» в рубрике «Дебют американского писателя». До этого журнал ни разу не печатал ранее не публиковавшегося автора. Исключение было сделано только для Элизабет Гилберт и Нормана Мейлера, лауреата Нобелевской премии. После этого Гилберт писала статьи для нескольких крупных журналов (SPIN, GQ, The New York Times Magazine, Allure, Real Simple и Travel + Leisure). В 1997 году GQ печатает статью \"The Muse of the Coyote Ugly Saloon\", написанную Гилберт после работы барменом в баре на нижнем Ист-Виллидж. По мотивам этой статьи снят фильм «Бар «Гадкий койот». В 1997 году вышла первая книга Гилберт – сборник рассказов «Пилигримы» («Самая лучшая жена» в России). Книга стала финалистом премии PEN/Hemingway Award (вручается авторам-дебютантам). В 1998 году в GQ была напечатана статья Гилберт “Юстас Конуэй не похож ни на одного мужчину, которого я встречала”, которая потом выросла в книгу «Последний мужчина в Америке». Книга получила награду The National Book Award в номинации non-fiction. В 2000 году вышла вторая книга писательницы «Суровые мужчины», названная Нью-Йорк Таймс «Выдающейся книгой». В 2001 году «Призрак», очерк о Хэнке Вильямсе III (автор-исполнитель, «отец современной кантри-музыки»), включен в список лучшего, что было написано в американских журналах (Best American Magazine Writing). 2006 год - «Есть, молиться, любить». В 2010 году вышло продолжение «Есть, молиться, любить» - «Преданные: скептик мирится с браком» (\"Законный брак\" в России). Элизабет Гилберт родилась в Уотербери, штат Коннектикут, в 1969 году. Её отец был инженером-химиком, мать медсестрой. Вместе со своей сестрой, писателем и историком Кэтрин Гилберт-Мердок, Элизабет выросла на небольшой семейной ферме по выращиванию новогодних ёлок в Литчфилде, штат Коннектикут. Элизабет Гилберт очень много читает. У нее широкий круг предпочтений, в него входят: «Волшебник страны Оз», книги Чарльза Диккенса и «Размышления» Марка Аврелия. Семья выросла в регионе, где нет соседей, у них не было телевизора и даже проигрывателя. Следовательно, все они много читали, а Гилберт и её сестра развлекали себя, сочиняя небольшие книги и пьесы. В 1991 году Элизабет получила степень бакалавра по политологии в Университете Нью-Йорка, после чего она работала в качестве повара, официантки, журналистки. О своём опыте в кулинарии она писала короткие рассказы, а также коротко упоминала в своей книге «Последний американский человек» (2002). В 1993 году журнал Esquire опубликовал рассказ Элизабет Гилберт «Пилигримы» под заголовком «Дебют американского писателя». Она стала первой, ранее непубликовавшейся писательницей, дебютировавшей в Esquire со времен Нормана Мейлера. Это привело к постоянной работе в качестве журналистки в различных национальных журналах, включая SPIN, GQ, The New York Times Magazine, Allure, Real Simple, Travel + Leisure. Как указано в мемуарах «Ешь, молись, люби», Гилберт сделала карьеру в качестве высокооплачиваемого внештатного автора. Её статья «Муза салона „Гадкий койот“» («The Muse of the Coyote Ugly Saloon»), опубликованная в журнале GQ в 1997 году, — мемуары Гилберт о временах, когда она работала официанткой в первом танцевальном баре «Гадкий койот» в Ист-Виллидж, стала основой для фильма «Бар «Гадкий койот». В 1998 году Гилберт также адаптировала свою статью из журнала GQ о биографии современного натуралиста «Юстас Конуэй не похожа на человека, которого вы когда-либо встречали», в «Последний американский мужчина». Книга была номинирована на Национальную премию в разделе научно-популярных книг. Статья «Призрак» — биография Hank Williams III, опубликованная в журнале GQ в 2000 году, была включена в сборник «Лучшие статьи американских журналов» 2001 года. Находится на шестой строчке списка 100 самых влиятельных духовных лидеров современности за 2012 год по версии журнала Watkins\' Mind Body Spirit. ','1969-06-19',NULL,'/images/authors/Elizabet_Gilbert.jpg');
/*!40000 ALTER TABLE `authors` ENABLE KEYS */;
UNLOCK TABLES;

--
-- Table structure for table `books`
--

DROP TABLE IF EXISTS `books`;
/*!40101 SET @saved_cs_client     = @@character_set_client */;
/*!40101 SET character_set_client = utf8 */;
CREATE TABLE `books` (
  `id` int(10) unsigned NOT NULL AUTO_INCREMENT,
  `title` varchar(255) COLLATE utf8mb4_unicode_ci NOT NULL,
  `slug` varchar(128) COLLATE utf8mb4_unicode_ci DEFAULT NULL,
  `description` text COLLATE utf8mb4_unicode_ci,
  `date_published` year(4) NOT NULL,
  `country_id` int(10) unsigned NOT NULL,
  `image` varchar(64) COLLATE utf8mb4_unicode_ci DEFAULT NULL,
  PRIMARY KEY (`id`),
  KEY `books_country_id_foreign` (`country_id`),
  CONSTRAINT `books_country_id_foreign` FOREIGN KEY (`country_id`) REFERENCES `countries` (`id`) ON DELETE CASCADE ON UPDATE CASCADE
) ENGINE=InnoDB AUTO_INCREMENT=21 DEFAULT CHARSET=utf8mb4 COLLATE=utf8mb4_unicode_ci;
/*!40101 SET character_set_client = @saved_cs_client */;

--
-- Dumping data for table `books`
--

LOCK TABLES `books` WRITE;
/*!40000 ALTER TABLE `books` DISABLE KEYS */;
INSERT INTO `books` VALUES (4,'Голодный дом','7276234-golodnyj-dom','В проулке Стрейд (знакомом многим по роману «Простые смертные») можно найти неприметную дверь. За ней – райский сад и красивый дом, в который может зайти любой. Что поразительно, каждый получает в этом доме то, что хочет: талант, друзей, любовь. Однако когда довольный человек попытается выйти, окажется, что это не так-то просто. «Голодный дом» заманивает очередную неуверенную в себе жертву и съедает её. Проследив за судьбой нескольких таких несчастных, мы захотим узнать, в чём же тайна. Есть ли у узников надежда когда-нибудь выбраться из дома живыми? Прочитав эту страшную сказку, каждый задумается о том яде, который проникает в душу вместе с неуверенностью в себе и своих силах.\n\n«Голодный дом», роман автора «Облачного атласа» Дэвида Митчелла, оценили любители готических сказок, интеллектуальных детективов и хоррора.',2017,19,'/images/books/1487584083.jpg'),(5,'Неаполитанский квартет','7473462-neapolitanskij-kvartet','Элена Ферранте, автор гремящего на весь мир неаполитанского квартета, умеет так закончить каждую его часть, что на протяжении всего 2017 года читателю оставалось только стиснуть зубы, запастись недюжинным терпением и считать дни до выхода новой части. В первой книге, романе «Моя гениальная подруга», две героини пообещали друг другу во что бы то ни стало разбогатеть и вырваться из душного плена своего происхождения, заколдованного круга квартала и его жестоких нравов. Каждая из них реализовывает этот план – как умеет и считает нужным. Прилежная Лену во второй книге «История нового имени» продолжает учиться, а Лила становится синьорой Караччи. В третьей части, романе «Те, кто уходит, и те, кто остаётся», Элена наконец обретает себя, своё «я», выходит из тени подруги Лилы и начинает играть собственную мелодию, обретая уверенность с каждой новой нотой. \n\nСобытия в финальной, четвёртой части несутся как сумасшедшие, дни сменяют друг друга. За одну книгу подруги успевают перескочить из уверенной зрелости в старость. У Лену и Лилы практически одновременно рождается по девочке, что очень их сближает. Заклятые подруги теперь понимают, кто они друг для друга, и не пытаются это изменить. Лила берёт на себя роль негласного лидера квартала, сместив с этого поста вечных Солара. Лену входит в пору расцвета своей писательской карьеры, но живёт одна с тремя детьми в квартале детства – это её сознательный выбор. Шаткое равновесие нарушает страшная катастрофа. Беды, кажется, так и липнут к Лиле, доказывая окружающим и ей самой, что она проклята.',2015,22,'/images/books/1510314943.jpg'),(6,'История одиночества','2349239-istorija-odinochestva','Роман Джона Бойна, автора «Мальчика в полосатой пижаме», камерный и глобальный одновременно. С одной стороны, «История одиночества» – это рассказ о жизни ирландского священника Одрана, а с другой – история глобального скандала, случившегося в католической церкви в начале 2000-х, когда массово начали вскрываться случаи сексуального насилия над детьми. При всей щекотливости темы это не роман об интригах и расследованиях. Это жизнь и боль порядочного человека, положившего всю жизнь на служение идеалам, которые его предали. Непростой, объёмный и очень личный роман, который в очередной раз подтвердил статус Джона Бойна как писателя, создающего шедевры.',2000,4,'/images/books/1512160979.jpg'),(7,'Город Брежнев','0392323-gorod-brezhnev','Роман «Город Брежнев», бронзовый призер премии «Большая книга», неожиданный тематический и жанровый поворот от писателя Шамиля Идиатуллина – рассказ о советском детстве, ностальгическое ретроочарование, книга для всех, кто рос в самой лучшей стране в мире и помнит дефицитные пластинки и воскресную программу передач. В нём много трудных моментов, которые проскальзывают внутрь, как комок манной каши: потребуется усилие, чтобы проглотить и переварить. Но в то же время это книга с большой душой. Именно что душевно Шамиль рассказывает поколению нынешних 35–40-летних (тем, кто в середине восьмидесятых был подростком) про их советское детство. И это, как ни крути, тёплые воспоминания. Ссылки в пионерский лагерь на всё лето, потому что у родителей работа и им не до детей. Просьбы поставить на дискотеках нормальный модный «музон». Первая любовь и разочарования. Обмазывание зубной пастой и прочие проделки «королевской ночи». Смешная мода, охота за японскими магнитофонами… Во всём этом живёт и существует главный герой книги, тринадцатилетний Артур, житель славного города Брежнева. Живёт, любит, борется, получает по шапке, набивает шишки и неминуемо взрослеет.',2012,6,'/images/books/1512637588.jpg'),(8,'Всё, чего я не сказала','3434323-vsjo-chego-ja-ne-skazala','«Всё, чего я не сказала» – задевающий за живое дебютный роман американки Селесты Инг на вечную тему завышенных родительских ожиданий. Это постфактум (после смерти главной героини, шестнадцатилетней Лидии) рассказанная история о жизни среднестатистической семьи, где родители пытались через ребёнка воплотить свою мечту. С помощью умнички Лидии профессор истории Джеймс Ли хотел разыграть карту «самого популярного подростка в школе». Его самого, понятно, гнобили и не принимали. Мама Мэрилин хотела вырастить Лидию-доктора: женщину уважаемой профессии, которая не станет домохозяйкой. Сама-то Мэрилин сидит дома с тремя детьми. А что же Лидия? Ей уже ничего не хочется. «Всё, чего я не сказала» – история о лжи во спасение, которая не перестаёт быть ложью.',2013,8,'/images/books/1521536620.jpg'),(10,'Эйлин','9324953-jejlin','«Эйлин» – страшная книга, прячущаяся за спокойным жанром семейного романа и жизнерадостной обложкой. Главная героиня романа Отессы Мошфег хронически не готова принимать жизнь такой, какая она есть. Эйлин потеряла мать, вынуждена ухаживать на спившимся отцом, да и работа в тюрьме для подростков тоже не прибавляет оптимизма. Героиня ненавидит доставшееся ей тело, малейшие изъяны надолго выводят её из строя. \n\nВ какой-то момент чтения вам покажется, что всё – наступил предел читательскому терпению. Весь этот угловатый городок с тюрьмой, Эйлин, её папашей и другими обитателями станет ужасно невыносимым. Когда же она наконец уедет? Тем интереснее читать, когда развязка всё-таки наступает. И весьма неожиданная. \n\n«Эйлин» – это роман напряжения, роман слияния с персонажем – возвышающий и учащий жить острее и реальнее. Он позволяет испытать глубоко личные читательские переживания и в то же время заставляет по-детски мучиться ожиданием «а что же дальше» и гадать, выстрелит ли всё-таки тот самый револьвер «Смит-энд-Вессон».',2011,12,'/images/books/1514384818.jpg'),(11,'Неизбежно','1290422-neizbezhno','«Неизбежно. 12 технологических трендов, которые определяют наше будущее» – экспертный рассказ про новейшие технологии сооснователя и главного редактор журнала Wired, автора «Новых правил для новой экономики» Кевина Келли. В отличие от большинства книг на тему технологического будущего тон «Неизбежно» восторженно-оптимистичный. Как только универсальный «большой брат» будет знать о нас всё, мы сможем получать высококачественные услуги – от транспорта, приходящего абсолютно вовремя, до безупречно сидящей одежды. Правильное понимание и использование новых технологий поможет найти верное направление в бизнесе, учёбе, работе – и жизни в целом.',2009,13,'/images/books/1504162975.jpg'),(12,'Случайный турист','5932934-sluchajnyj-turist','Весь 2017 год издательство «Фантом Пресс» с завидной периодичностью выпускало романы Энн Тайлер. После шумного успеха «Катушки синих ниток» читатели хотели ещё и ещё блестящего бытописательства, возвеличивания любого человека и внимания к его особенностям. «Случайный турист» – пожалуй, самый необычный роман Тайлер, а потому самый заметный. Он выбивается из общей философии семейного счастья писательницы. Мэйкон и Сара расстаются, брак не выдержал смерти ребёнка. Каждый уходит с головой в свою новую жизнь, чтобы как-то спастись от горя. Они – «случайные туристы» в своей жизни с незаживающей дырой в сердце. Она ходит на занятия по ваянию, он пишет путеводители, хотя ненавидит путешествия всей душой. Был ли развод хорошей идеей и удалось ли Мэйкону и Саре найти себя? В отличие от других романов Тайлер финал у этой книги совершенно непредсказуем. «Случайный турист» был экранизирован (фильм «Турист поневоле»), актриса Джина Дэвис даже получила за него «Оскар».',2010,14,'/images/books/1520263237.jpg'),(14,'«Я» значит «ястреб»','1938212-ja-znachit-jastreb','«Ястреб» получил премию Сosta и имел успех, который в контексте нон-фикшен заслуживает как минимум определения «выдающийся». Хелен Макдональд пишет как дышит – её текст поэтичен и литературен, а выражения новы и незатасканны.\n\nХелен Макдональд, чьим удивительным голосом и рассказана эта история, теряет отца. Пережить утрату ей помогает ястреб-тетеревятник Мэйбл. Хелен запирает дверь своей комнаты и по-профессорски дотошно фиксирует подробности состояния Мэйбл и заодно свои чувства. Мы начинаем понимать, что такое опутенки и клобучок, узнаём, как контролировать полётный вес ястреба, и потихоньку сливаемся с Хелен в её горе.\n\n«Я» значит «Ястреб» – глубоко человечный, очень созидательный и очень британский роман. В нём нет яркого счастья, быстрых событий и бьющих через край эмоций, но есть покой и свобода – и как же хорошо, что они есть.',2007,19,'/images/books/1521367763.jpg'),(15,'Останется при мне','3919042-ostanetsja-pri-mne','«Останется при мне» американского писателя, лауреата Пулитцеровской премии Уоллеса Стегнера – с одной стороны, история долгой и непростой дружбы двух семейных пар. Но если копнуть, она о жизни как постоянном выборе. Каждый день, каждый час мы выбираем: между чаем и кофе, между пробежкой и сном. Академическая карьера или хобби, семья или увлечение, дружба или приятельство? За неторопливым повествованием, сдвоенным семейным романом кроется наша жизнь во всей её сложности и удивительности.',2001,20,'/images/books/1519918938.jpg'),(16,'Братья Райт','3201023-bratja-rajt','Нон-фикшен редко читается как увлекательный роман, но книга известного американского историка Дэвида Маккалоу «Братья Райт. Люди, которые научили мир летать» – то самое редкое исключение. Это не только история двух потрясающих людей, которые бредили механизмами, но и история эпохи. Конец XIX – начало XX века – время изобретений, поэтому Уилбуру и Орвиллу Райтам повезло родиться в своё время. Книга и правда окрыляет.',2014,21,'/images/books/1488272848.jpg'),(17,'Среди овец и козлищ','1049392-sredi-ovec-i-kozlishh','Врач-психиатр Джоанна Кэннон в рабочих перерывах писала книгу «Среди овец и козлищ». Роман нашёл своё место как среди книг детективного жанра, так и среди отличных психологических романов. О книге уже восторженно отозвались автор «Девушки в поезде» Пола Хокинс и обозреватели The New York Times, Wall Street Journal, The Guardian, The Independent… С одной стороны, «Среди овец и козлищ» – детектив о замкнутом британском предместье, где все друг друга знают (привет, Агата Кристи). В то время как взрослые с маленькой провинциальной улочки пытаются скрыть свои тайны от соседей, дети задают прямые и убойные в своей простоте вопросы. Как много гадостей вылезает из этих тихих и опрятных домов, как много тайн кроется в кладовых и за задернутыми занавесками? А ещё это книга о «неуместных людях». «Людях, остающихся на периферии, на краю танцпола, пытающихся копировать действия других и никогда не достигающих в этом успеха», – поясняет Джоанна Кэннон',2005,22,'/images/books/1487424317.jpg'),(18,'Жажда','5029492-zhazhda','Норвежец Ю Несбё уже несколько раз пытался «завязать» со своим персонажем, тяжёлым в общении и гениальным в профессии сыщиком Харри Холе. Но, во-первых, от друзей так просто не избавляются (а Несбё несколько раз признавался, что Холе ему как задушевный друг – правда, до сих пор не слишком понятный). А во-вторых, писатель просто не имеет права так сделать. Уж слишком читатели привязались к циничному сыщику и его невероятному нюху, а также наконец выучили, сколько «р» и сколько «л» в его имени и фамилии. Тридцать три миллиона проданных копий – не шутки. В одиннадцатой книга «Жажда» Холе возвращается на службу в полицию Осло и начинает охоту на серийного убийцу, нападающего на людей с сайтов знакомств. Как обычно, дело отзывается не только в голове, но и в сердце сыщика: это ещё одна ниточка к его странному прошлому. Интерес к Холе ещё раз подогрелся в конце года, когда на экраны вышел «Снеговик» по одноимённому роману Несбё. Харри Холе в нём Майкл Фассбендер – с неожиданно слишком добрыми глазами.',2001,23,'/images/books/1512637588.jpg'),(19,'Я ем тишину ложками','0943943-ja-em-tishinu-lozhkami','Книга «Я ем тишину ложками» журналиста Майкла Финкеля про отшельника по имени Кристофер Найт – это настоящая «Википедия» одиночества, глубокое исследование попыток сотен и сотен людей отрешиться от общества и остаться один на один с собой.\n\nВ 2013 году в США главной темой для СМИ была поимка преступника, совершившего около тысячи налётов на дома и учреждения в окрестностях городка Рим в штате Мэн. Легендарный отшельник с Северного озера, проживший в лесу 27 лет, оказался опрятным очкариком, вовсе не соответствующим представлениям большинства об отшельниках. В год Чернобыльской катастрофы он решил не иметь больше ничего общего с людьми и отправился жить в лес. Блага цивилизации тем не менее не отринул и выживал кражами провизии и предметов первой необходимости. Эта история настолько впечатлила журналиста Майкла Финкеля, что он встретился с её главным героем.\n\nЧитая главу за главой книги «Я ем тишину ложками», понимаешь, что Кристофер Найт был всего лишь новостным поводом, а истинный смысл повествования – в попытке разобраться, почему общество, на словах сплошь состоящее из «интровертов» и «социофобов», так осуждает попытки отдельных личностей навсегда отказаться от всех контактов с соплеменниками и обрести смысл жизни без людей. Автор описывает, как они отказываются верить во вменяемость Найта, доказанную медицинскими обследованиями, и спешат приписать ему разные болезни – от аутизма до шизофрении. Всё это – лишь бы не признавать, что кто-то, будучи в здравом уме, может отказаться быть частью общественного договора и стать при этом счастливее абсолютного большинства смертных.',2011,1,'/images/books/1517575029.jpg'),(20,'Скандинавские боги','5302423-skandinavskie-bogi','«Скандинавские боги» – для тех, кому мало «Американских богов» и никогда не бывает много Нила Геймана. Написать вольное переложение любимых скандинавских мифов было его детской мечтой. Автор, чьей настольной книгой был пересказ скандинавских мифов Роджера Ланселина Грина, в своей адаптации истории постарался сохранить архаичный стиль и скандинавскую сдержанность. Поэтому каждое слово в «Скандинавских богах» взвешенно и сказано не просто так. Это книга про девять миров, населённых богами, эльфами, великанами и другими волшебными существами. Один, Тор, Локи – скандинавские божества совсем не похожи на бессмертных греческих богов: они смертны и иногда попадают в нелепые истории, совсем как мы. А иногда грустят, и грусть эта так же глубока, как уровень снега в их краях.',2013,3,'/images/books/1489406833.jpg');
/*!40000 ALTER TABLE `books` ENABLE KEYS */;
UNLOCK TABLES;

--
-- Table structure for table `books_authors`
--

DROP TABLE IF EXISTS `books_authors`;
/*!40101 SET @saved_cs_client     = @@character_set_client */;
/*!40101 SET character_set_client = utf8 */;
CREATE TABLE `books_authors` (
  `id` int(10) unsigned NOT NULL AUTO_INCREMENT,
  `book_id` int(10) unsigned NOT NULL,
  `author_id` int(10) unsigned NOT NULL,
  PRIMARY KEY (`id`),
  KEY `books_authors_book_id_foreign` (`book_id`),
  KEY `books_authors_author_id_foreign` (`author_id`),
  CONSTRAINT `books_authors_author_id_foreign` FOREIGN KEY (`author_id`) REFERENCES `authors` (`id`) ON DELETE CASCADE ON UPDATE CASCADE,
  CONSTRAINT `books_authors_book_id_foreign` FOREIGN KEY (`book_id`) REFERENCES `books` (`id`) ON DELETE CASCADE ON UPDATE CASCADE
) ENGINE=InnoDB AUTO_INCREMENT=42 DEFAULT CHARSET=utf8mb4 COLLATE=utf8mb4_unicode_ci;
/*!40101 SET character_set_client = @saved_cs_client */;

--
-- Dumping data for table `books_authors`
--

LOCK TABLES `books_authors` WRITE;
/*!40000 ALTER TABLE `books_authors` DISABLE KEYS */;
INSERT INTO `books_authors` VALUES (1,4,1),(2,4,2),(3,5,3),(4,5,1),(5,6,2),(7,6,3),(8,6,4),(9,7,4),(10,7,5),(11,7,1),(12,8,6),(13,8,7),(14,8,2),(16,10,5),(17,10,6),(18,11,7),(19,11,8),(20,12,5),(22,12,3),(24,12,9),(26,14,9),(27,14,5),(28,15,9),(29,15,10),(30,16,4),(31,16,10),(33,17,10),(34,17,11),(35,18,11),(36,19,1),(37,20,2),(38,20,12),(39,19,13),(40,18,14),(41,5,14);
/*!40000 ALTER TABLE `books_authors` ENABLE KEYS */;
UNLOCK TABLES;

--
-- Table structure for table `books_genres`
--

DROP TABLE IF EXISTS `books_genres`;
/*!40101 SET @saved_cs_client     = @@character_set_client */;
/*!40101 SET character_set_client = utf8 */;
CREATE TABLE `books_genres` (
  `id` int(10) unsigned NOT NULL AUTO_INCREMENT,
  `book_id` int(10) unsigned NOT NULL,
  `genre_id` int(10) unsigned NOT NULL,
  PRIMARY KEY (`id`),
  KEY `books_genres_book_id_foreign` (`book_id`),
  KEY `books_genres_genre_id_foreign` (`genre_id`),
  CONSTRAINT `books_genres_book_id_foreign` FOREIGN KEY (`book_id`) REFERENCES `books` (`id`) ON DELETE CASCADE ON UPDATE CASCADE,
  CONSTRAINT `books_genres_genre_id_foreign` FOREIGN KEY (`genre_id`) REFERENCES `genres` (`id`) ON DELETE CASCADE ON UPDATE CASCADE
) ENGINE=InnoDB AUTO_INCREMENT=34 DEFAULT CHARSET=utf8mb4 COLLATE=utf8mb4_unicode_ci;
/*!40101 SET character_set_client = @saved_cs_client */;

--
-- Dumping data for table `books_genres`
--

LOCK TABLES `books_genres` WRITE;
/*!40000 ALTER TABLE `books_genres` DISABLE KEYS */;
INSERT INTO `books_genres` VALUES (1,4,1),(3,4,3),(4,5,2),(5,5,7),(6,6,2),(7,6,6),(8,7,7),(9,8,1),(10,10,3),(12,10,10),(15,11,9),(16,11,1),(17,12,10),(18,14,4),(19,14,8),(20,15,7),(21,15,8),(22,16,2),(23,16,10),(24,17,1),(25,17,2),(26,18,9),(27,19,8),(28,19,5),(29,19,6),(30,20,3),(31,20,4),(32,20,8),(33,8,3);
/*!40000 ALTER TABLE `books_genres` ENABLE KEYS */;
UNLOCK TABLES;

--
-- Table structure for table `books_stores`
--

DROP TABLE IF EXISTS `books_stores`;
/*!40101 SET @saved_cs_client     = @@character_set_client */;
/*!40101 SET character_set_client = utf8 */;
CREATE TABLE `books_stores` (
  `id` int(10) unsigned NOT NULL AUTO_INCREMENT,
  `book_id` int(10) unsigned NOT NULL,
  `store_id` int(10) unsigned NOT NULL,
  `quantity` int(11) NOT NULL,
  `price` float(8,2) DEFAULT '0.00',
  PRIMARY KEY (`id`),
  KEY `books_stores_book_id_foreign` (`book_id`),
  KEY `books_stores_store_id_foreign` (`store_id`),
  CONSTRAINT `books_stores_book_id_foreign` FOREIGN KEY (`book_id`) REFERENCES `books` (`id`) ON DELETE CASCADE ON UPDATE CASCADE,
  CONSTRAINT `books_stores_store_id_foreign` FOREIGN KEY (`store_id`) REFERENCES `stores` (`id`) ON DELETE CASCADE ON UPDATE CASCADE
) ENGINE=InnoDB AUTO_INCREMENT=59 DEFAULT CHARSET=utf8mb4 COLLATE=utf8mb4_unicode_ci;
/*!40101 SET character_set_client = @saved_cs_client */;

--
-- Dumping data for table `books_stores`
--

LOCK TABLES `books_stores` WRITE;
/*!40000 ALTER TABLE `books_stores` DISABLE KEYS */;
INSERT INTO `books_stores` VALUES (1,4,6,4,22.44),(2,5,7,21,54.33),(3,4,7,3,24.44),(4,6,9,7,64.33),(5,6,11,2,69.21),(6,6,12,9,61.45),(7,7,12,2,32.12),(8,7,6,4,33.00),(9,7,7,1,40.00),(10,7,13,9,37.40),(11,8,13,12,112.30),(12,8,11,2,116.30),(13,8,7,2,132.30),(15,10,13,33,330.00),(16,10,14,14,333.50),(17,10,15,9,322.40),(19,11,16,3,54.00),(20,11,17,9,54.60),(21,11,18,27,55.80),(22,11,19,32,52.33),(24,12,20,6,23.55),(25,12,21,9,25.32),(26,12,22,34,28.43),(27,12,23,4,24.64),(29,14,24,6,221.40),(30,14,25,8,231.50),(31,14,26,20,211.54),(32,15,27,4,123.33),(33,15,28,8,145.70),(35,15,30,90,142.00),(36,15,31,3,137.00),(38,16,33,54,76.00),(39,16,34,21,78.60),(40,16,35,11,83.90),(41,17,36,2,53.40),(42,17,37,6,57.70),(43,17,38,21,53.50),(44,17,39,4,76.40),(45,18,40,7,894.00),(46,18,38,2,902.40),(47,18,30,2,930.00),(48,18,19,7,854.00),(49,19,16,2,353.00),(50,19,35,6,375.60),(51,19,25,7,345.70),(52,19,27,4,312.30),(53,20,40,6,254.00),(54,20,36,9,274.40),(55,20,21,21,254.90),(56,20,24,42,233.54),(57,20,7,9,263.99),(58,20,27,11,273.84);
/*!40000 ALTER TABLE `books_stores` ENABLE KEYS */;
UNLOCK TABLES;

--
-- Table structure for table `cities`
--

DROP TABLE IF EXISTS `cities`;
/*!40101 SET @saved_cs_client     = @@character_set_client */;
/*!40101 SET character_set_client = utf8 */;
CREATE TABLE `cities` (
  `id` int(10) unsigned NOT NULL AUTO_INCREMENT,
  `city_name` varchar(30) COLLATE utf8mb4_unicode_ci NOT NULL DEFAULT '',
  `slug` varchar(30) COLLATE utf8mb4_unicode_ci DEFAULT NULL,
  `country_id` int(10) unsigned NOT NULL,
  PRIMARY KEY (`id`),
  KEY `cities_country_id_foreign` (`country_id`),
  CONSTRAINT `cities_country_id_foreign` FOREIGN KEY (`country_id`) REFERENCES `countries` (`id`) ON DELETE CASCADE ON UPDATE CASCADE
) ENGINE=InnoDB AUTO_INCREMENT=18 DEFAULT CHARSET=utf8mb4 COLLATE=utf8mb4_unicode_ci;
/*!40101 SET character_set_client = @saved_cs_client */;

--
-- Dumping data for table `cities`
--

LOCK TABLES `cities` WRITE;
/*!40000 ALTER TABLE `cities` DISABLE KEYS */;
INSERT INTO `cities` VALUES (2,'Вена','vena',1),(3,'Минск','minsk',3),(5,'Брюссель','brjussel',4),(6,'Лондон','london',6),(7,'Берлин','berlin',8),(8,'Копенгаген','kopengagen',10),(9,'Мадрид','madrid',12),(10,'Рим','rim',13),(11,'Рига','riga',14),(12,'Амстердам','amsterdam',19),(13,'Осло','oslo',20),(14,'Киев','kiev',21),(15,'Париж','parizh',22),(16,'Стокгольм','stokgolm',23),(17,'Одесса','odessa',21);
/*!40000 ALTER TABLE `cities` ENABLE KEYS */;
UNLOCK TABLES;

--
-- Table structure for table `countries`
--

DROP TABLE IF EXISTS `countries`;
/*!40101 SET @saved_cs_client     = @@character_set_client */;
/*!40101 SET character_set_client = utf8 */;
CREATE TABLE `countries` (
  `id` int(10) unsigned NOT NULL AUTO_INCREMENT,
  `country_name` varchar(30) COLLATE utf8mb4_unicode_ci NOT NULL DEFAULT '',
  `slug` varchar(30) COLLATE utf8mb4_unicode_ci NOT NULL DEFAULT '',
  PRIMARY KEY (`id`)
) ENGINE=InnoDB AUTO_INCREMENT=24 DEFAULT CHARSET=utf8mb4 COLLATE=utf8mb4_unicode_ci;
/*!40101 SET character_set_client = @saved_cs_client */;

--
-- Dumping data for table `countries`
--

LOCK TABLES `countries` WRITE;
/*!40000 ALTER TABLE `countries` DISABLE KEYS */;
INSERT INTO `countries` VALUES (1,'Австрия','avstrija'),(3,'Белоруссия','belorussija'),(4,'Бельгия','belgija'),(6,'Великобритания','velikobritanija'),(8,'Германия','germanija'),(10,'Дания','danija'),(12,'Испания','ispanija'),(13,'Италия','italija'),(14,'Латвия','latvija'),(19,'Нидерланды','niderlandy'),(20,'Норвегия','norvegija'),(21,'Украина','ukraina'),(22,'Франция','francija'),(23,'Швеция','shvecija');
/*!40000 ALTER TABLE `countries` ENABLE KEYS */;
UNLOCK TABLES;

--
-- Table structure for table `genres`
--

DROP TABLE IF EXISTS `genres`;
/*!40101 SET @saved_cs_client     = @@character_set_client */;
/*!40101 SET character_set_client = utf8 */;
CREATE TABLE `genres` (
  `id` int(10) unsigned NOT NULL AUTO_INCREMENT,
  `genre` varchar(40) COLLATE utf8mb4_unicode_ci NOT NULL DEFAULT '',
  `slug` varchar(40) COLLATE utf8mb4_unicode_ci DEFAULT NULL,
  PRIMARY KEY (`id`)
) ENGINE=InnoDB AUTO_INCREMENT=11 DEFAULT CHARSET=utf8mb4 COLLATE=utf8mb4_unicode_ci;
/*!40101 SET character_set_client = @saved_cs_client */;

--
-- Dumping data for table `genres`
--

LOCK TABLES `genres` WRITE;
/*!40000 ALTER TABLE `genres` DISABLE KEYS */;
INSERT INTO `genres` VALUES (1,'Биография','biografia'),(2,'Фэнтези','fantasy'),(3,'Классическая проза','klassicheskaya-proza'),(4,'Детективы','detective'),(5,'Боевое фэнтези','boevaya-fantastika'),(6,'История','istoriya'),(7,'Философия','filosofiya'),(8,'Приключения','priklyucheniya'),(9,'Зарубежная фантастика','zarubejnaya-fantastika'),(10,'Морские приключения','morskie-priklyucheniya');
/*!40000 ALTER TABLE `genres` ENABLE KEYS */;
UNLOCK TABLES;

--
-- Table structure for table `migrations`
--

DROP TABLE IF EXISTS `migrations`;
/*!40101 SET @saved_cs_client     = @@character_set_client */;
/*!40101 SET character_set_client = utf8 */;
CREATE TABLE `migrations` (
  `id` int(10) unsigned NOT NULL AUTO_INCREMENT,
  `migration` varchar(255) COLLATE utf8mb4_unicode_ci NOT NULL,
  `batch` int(11) NOT NULL,
  PRIMARY KEY (`id`)
) ENGINE=InnoDB AUTO_INCREMENT=12 DEFAULT CHARSET=utf8mb4 COLLATE=utf8mb4_unicode_ci;
/*!40101 SET character_set_client = @saved_cs_client */;

--
-- Dumping data for table `migrations`
--

LOCK TABLES `migrations` WRITE;
/*!40000 ALTER TABLE `migrations` DISABLE KEYS */;
INSERT INTO `migrations` VALUES (1,'2014_10_12_000000_create_users_table',1),(2,'2014_10_12_100000_create_password_resets_table',1),(3,'2018_03_20_180516_create_countries_table',2),(4,'2018_03_20_180529_create_cities_table',2),(5,'2018_03_20_180742_create_books_table',2),(6,'2018_03_20_181858_create_stores_table',2),(7,'2018_03_20_182534_create_genres_table',3),(8,'2018_03_20_182611_create_authors_table',3),(9,'2018_03_21_114610_create_books_stores',4),(10,'2018_03_21_114627_create_books_authors',4),(11,'2018_03_21_114639_create_books_genres',4);
/*!40000 ALTER TABLE `migrations` ENABLE KEYS */;
UNLOCK TABLES;

--
-- Table structure for table `password_resets`
--

DROP TABLE IF EXISTS `password_resets`;
/*!40101 SET @saved_cs_client     = @@character_set_client */;
/*!40101 SET character_set_client = utf8 */;
CREATE TABLE `password_resets` (
  `email` varchar(255) COLLATE utf8mb4_unicode_ci NOT NULL,
  `token` varchar(255) COLLATE utf8mb4_unicode_ci NOT NULL,
  `created_at` timestamp NULL DEFAULT NULL,
  KEY `password_resets_email_index` (`email`)
) ENGINE=InnoDB DEFAULT CHARSET=utf8mb4 COLLATE=utf8mb4_unicode_ci;
/*!40101 SET character_set_client = @saved_cs_client */;

--
-- Dumping data for table `password_resets`
--

LOCK TABLES `password_resets` WRITE;
/*!40000 ALTER TABLE `password_resets` DISABLE KEYS */;
/*!40000 ALTER TABLE `password_resets` ENABLE KEYS */;
UNLOCK TABLES;

--
-- Table structure for table `stores`
--

DROP TABLE IF EXISTS `stores`;
/*!40101 SET @saved_cs_client     = @@character_set_client */;
/*!40101 SET character_set_client = utf8 */;
CREATE TABLE `stores` (
  `id` int(10) unsigned NOT NULL AUTO_INCREMENT,
  `store_name` varchar(128) COLLATE utf8mb4_unicode_ci NOT NULL DEFAULT '',
  `slug` varchar(128) COLLATE utf8mb4_unicode_ci DEFAULT NULL,
  `city_id` int(10) unsigned NOT NULL,
  PRIMARY KEY (`id`),
  KEY `stores_city_id_foreign` (`city_id`),
  CONSTRAINT `stores_city_id_foreign` FOREIGN KEY (`city_id`) REFERENCES `cities` (`id`) ON DELETE CASCADE ON UPDATE CASCADE
) ENGINE=InnoDB AUTO_INCREMENT=41 DEFAULT CHARSET=utf8mb4 COLLATE=utf8mb4_unicode_ci;
/*!40101 SET character_set_client = @saved_cs_client */;

--
-- Dumping data for table `stores`
--

LOCK TABLES `stores` WRITE;
/*!40000 ALTER TABLE `stores` DISABLE KEYS */;
INSERT INTO `stores` VALUES (6,'100000 книг','100000-knig',14),(7,'Библио-Глобус','biblio-globus',2),(9,'Библион','biblion',3),(11,'Ботаник','botanik',5),(12,'Букбастер','bukbaster',6),(13,'Букбери','bukberi',7),(14,'Буквоед','bukvoed',8),(15,'Букервиль','bukervil',9),(16,'Книгазин','knigazin',10),(17,'Книги и книжечки','knigi-i-knizhechki',11),(18,'Книговоз','knigovoz',12),(19,'Книгоград','knigograd',13),(20,'Книжный Барс','knizhnyj-bars',14),(21,'Книжный бульвар','knizhnyj-bulvar',15),(22,'Лас-Книгас','las-knigas',17),(23,'Новый книжный','novyj-knizhnyj',16),(24,'От А до Я','ot-a-do-ja',14),(25,'Почитайка','pochitajka',17),(26,'Пушкинист','pushkinist',14),(27,'Узнай-ка!','uznaj-ka',17),(28,'Гиперион','giperion',2),(30,'Папирус','papirus',3),(31,'Республика','respublika',5),(33,'Техническая книга','tehnicheskaja-kniga',6),(34,'Фаланстер','falanster',7),(35,'Фамильная библиотека','familnaja-biblioteka',8),(36,'Фаренгейт 451','farengejt-451',9),(37,'Центр-Книга','centr-kniga',10),(38,'Читать модно','chitat-modno',11),(39,'Эврика','jevrika',12),(40,'Эдвис','jedvis',13);
/*!40000 ALTER TABLE `stores` ENABLE KEYS */;
UNLOCK TABLES;

--
-- Table structure for table `users`
--

DROP TABLE IF EXISTS `users`;
/*!40101 SET @saved_cs_client     = @@character_set_client */;
/*!40101 SET character_set_client = utf8 */;
CREATE TABLE `users` (
  `id` int(10) unsigned NOT NULL AUTO_INCREMENT,
  `name` varchar(255) COLLATE utf8mb4_unicode_ci NOT NULL,
  `email` varchar(255) COLLATE utf8mb4_unicode_ci NOT NULL,
  `password` varchar(255) COLLATE utf8mb4_unicode_ci NOT NULL,
  `remember_token` varchar(100) COLLATE utf8mb4_unicode_ci DEFAULT NULL,
  `created_at` timestamp NULL DEFAULT NULL,
  `updated_at` timestamp NULL DEFAULT NULL,
  PRIMARY KEY (`id`),
  UNIQUE KEY `users_email_unique` (`email`)
) ENGINE=InnoDB AUTO_INCREMENT=2 DEFAULT CHARSET=utf8mb4 COLLATE=utf8mb4_unicode_ci;
/*!40101 SET character_set_client = @saved_cs_client */;

--
-- Dumping data for table `users`
--

LOCK TABLES `users` WRITE;
/*!40000 ALTER TABLE `users` DISABLE KEYS */;
INSERT INTO `users` VALUES (1,'dima','maldini2@ukr.net','$2y$10$eDEH2hgpHSMvEp6UcV9i6uXnsG59BAyLVFTZ05oWmSRkCtE6jUEl.',NULL,'2018-03-20 17:29:43','2018-03-20 17:29:43');
/*!40000 ALTER TABLE `users` ENABLE KEYS */;
UNLOCK TABLES;
/*!40103 SET TIME_ZONE=@OLD_TIME_ZONE */;

/*!40101 SET SQL_MODE=@OLD_SQL_MODE */;
/*!40014 SET FOREIGN_KEY_CHECKS=@OLD_FOREIGN_KEY_CHECKS */;
/*!40014 SET UNIQUE_CHECKS=@OLD_UNIQUE_CHECKS */;
/*!40101 SET CHARACTER_SET_CLIENT=@OLD_CHARACTER_SET_CLIENT */;
/*!40101 SET CHARACTER_SET_RESULTS=@OLD_CHARACTER_SET_RESULTS */;
/*!40101 SET COLLATION_CONNECTION=@OLD_COLLATION_CONNECTION */;
/*!40111 SET SQL_NOTES=@OLD_SQL_NOTES */;

-- Dump completed on 2018-03-22 23:15:05
